<?xml version="1.0" encoding="UTF-8"?>
<project-private xmlns="http://www.netbeans.org/ns/project-private/1">
    <editor-bookmarks xmlns="http://www.netbeans.org/ns/editor-bookmarks/2" lastBookmarkId="0"/>
    <open-files xmlns="http://www.netbeans.org/ns/projectui-open-files/2">
        <group>
            <file>file:/C:/xampp/htdocs/html/servicioWeb/swCrud/clientephp/vista/crudUsuario.php</file>
            <file>file:/C:/xampp/htdocs/html/servicioWeb/swCrud/clientephp/controlador/controlador.php</file>
            <file>file:/C:/xampp/htdocs/html/servicioWeb/swCrud/clientephp/vista/juego.php</file>
            <file>file:/C:/xampp/htdocs/html/servicioWeb/swCrud/clientephp/clase/Usuario.php</file>
            <file>file:/C:/xampp/htdocs/html/servicioWeb/swCrud/clientephp/index.php</file>
        </group>
    </open-files>
</project-private>
